/*
 Navicat Premium Data Transfer

 Source Server         : oracle
 Source Server Type    : Oracle
 Source Server Version : 120100 (Oracle Database 12c Standard Edition Release 12.1.0.2.0 - 64bit Production)
 Source Host           : 10.68.199.105:1521
 Source Schema         : TEST1

 Target Server Type    : Oracle
 Target Server Version : 120100 (Oracle Database 12c Standard Edition Release 12.1.0.2.0 - 64bit Production)
 File Encoding         : 65001

 Date: 12/06/2024 16:03:00
*/


-- ----------------------------
-- Table structure for SYS_DEPT
-- ----------------------------
DROP TABLE SYS_DEPT;
CREATE TABLE SYS_DEPT (
  ID NVARCHAR2(64) VISIBLE NOT NULL,
  DEPT_NAME NVARCHAR2(30) VISIBLE,
  PARENT_ID NVARCHAR2(64) VISIBLE,
  ANCESTORS NVARCHAR2(1000) VISIBLE,
  SORT NUMBER(11,0) VISIBLE,
  LEADER NVARCHAR2(30) VISIBLE,
  PHONE NCHAR(11) VISIBLE,
  EMAIL NVARCHAR2(50) VISIBLE,
  STATUS NCHAR(1) VISIBLE,
  TIER NUMBER(11,0) VISIBLE,
  HOME_PATH NVARCHAR2(255) VISIBLE,
  REMARK NVARCHAR2(120) VISIBLE,
  CREATE_BY NVARCHAR2(30) VISIBLE,
  CREATE_TIME DATE VISIBLE,
  UPDATE_BY NVARCHAR2(30) VISIBLE,
  UPDATE_TIME DATE VISIBLE
)
LOGGING
NOCOMPRESS
PCTFREE 10
INITRANS 1
STORAGE (
  INITIAL 65536 
  NEXT 1048576 
  MINEXTENTS 1
  MAXEXTENTS 2147483645
  BUFFER_POOL DEFAULT
)
PARALLEL 1
NOCACHE
DISABLE ROW MOVEMENT
;
COMMENT ON COLUMN SYS_DEPT.ID IS '主键';
COMMENT ON COLUMN SYS_DEPT.DEPT_NAME IS '部门名称';
COMMENT ON COLUMN SYS_DEPT.PARENT_ID IS '父级id';
COMMENT ON COLUMN SYS_DEPT.ANCESTORS IS '祖级列表';
COMMENT ON COLUMN SYS_DEPT.SORT IS '显示顺序';
COMMENT ON COLUMN SYS_DEPT.LEADER IS '负责人';
COMMENT ON COLUMN SYS_DEPT.PHONE IS '联系电话';
COMMENT ON COLUMN SYS_DEPT.EMAIL IS '邮箱';
COMMENT ON COLUMN SYS_DEPT.STATUS IS '状态（1正常 0停用）';
COMMENT ON COLUMN SYS_DEPT.TIER IS '层级';
COMMENT ON COLUMN SYS_DEPT.HOME_PATH IS '首页路由地址';
COMMENT ON COLUMN SYS_DEPT.REMARK IS '备注';
COMMENT ON COLUMN SYS_DEPT.CREATE_BY IS '创建者';
COMMENT ON COLUMN SYS_DEPT.CREATE_TIME IS '创建时间';
COMMENT ON COLUMN SYS_DEPT.UPDATE_BY IS '更新者';
COMMENT ON COLUMN SYS_DEPT.UPDATE_TIME IS '修改时间';
COMMENT ON TABLE SYS_DEPT IS '部门表';

-- ----------------------------
-- Records of SYS_DEPT
-- ----------------------------
INSERT INTO SYS_DEPT VALUES ('270', '公司总部', '0', '270', '1', '张三', '13566666666', 'zhangsan@newbie.com', '1', '1', NULL, '描述信息', 'admin', TO_DATE('2023-11-28 19:42:59', 'SYYYY-MM-DD HH24:MI:SS'), 'admin', TO_DATE('2023-11-28 20:57:50', 'SYYYY-MM-DD HH24:MI:SS'));
INSERT INTO SYS_DEPT VALUES ('271', '山东分公司', '270', '270,271', '1', '张三', '13566666666', 'zhangsan@newbie.com', '1', '2', NULL, '描述信息', 'admin', TO_DATE('2023-11-28 19:43:42', 'SYYYY-MM-DD HH24:MI:SS'), 'admin', TO_DATE('2023-11-28 20:57:50', 'SYYYY-MM-DD HH24:MI:SS'));
INSERT INTO SYS_DEPT VALUES ('272', '河南分公司', '270', '270,272', '2', '李四', '13566666666', 'lisi@newbie.com', '1', '2', NULL, '描述信息', 'admin', TO_DATE('2023-11-28 19:46:35', 'SYYYY-MM-DD HH24:MI:SS'), 'admin', TO_DATE('2023-11-28 20:57:50', 'SYYYY-MM-DD HH24:MI:SS'));
INSERT INTO SYS_DEPT VALUES ('273', '云南分公司', '270', '270,273', '3', '王五', '13566666666', 'wangwu@newbie.com', '1', '2', NULL, '描述信息', 'admin', TO_DATE('2023-11-28 19:51:00', 'SYYYY-MM-DD HH24:MI:SS'), 'admin', TO_DATE('2023-11-28 20:57:50', 'SYYYY-MM-DD HH24:MI:SS'));
INSERT INTO SYS_DEPT VALUES ('274', '河北分公司', '270', '270,274', '4', '赵六', '13599999999', 'zhaoliu@newbie.com', '1', '2', NULL, '描述信息', 'admin', TO_DATE('2023-11-28 19:51:55', 'SYYYY-MM-DD HH24:MI:SS'), 'admin', TO_DATE('2023-11-28 20:57:50', 'SYYYY-MM-DD HH24:MI:SS'));
INSERT INTO SYS_DEPT VALUES ('275', '东营分部', '271', '270,271,275', '2', '悟空', '13234435454', 'wukong@newbie.com', '1', '3', NULL, '描述信息', 'admin', TO_DATE('2023-11-28 19:53:38', 'SYYYY-MM-DD HH24:MI:SS'), 'admin', TO_DATE('2023-11-28 20:57:50', 'SYYYY-MM-DD HH24:MI:SS'));
INSERT INTO SYS_DEPT VALUES ('276', '济南分部', '271', '270,271,276', '1', '八戒', '15543547357', 'bajie@newbie.com', '1', '3', NULL, '描述信息', 'admin', TO_DATE('2023-11-28 19:55:25', 'SYYYY-MM-DD HH24:MI:SS'), 'admin', TO_DATE('2023-11-28 20:57:50', 'SYYYY-MM-DD HH24:MI:SS'));
INSERT INTO SYS_DEPT VALUES ('277', '昆明分部', '273', '270,273,277', '1', '三藏', '16546273436', 'sanzang@newbie.com', '1', '3', NULL, NULL, 'admin', TO_DATE('2023-11-28 19:56:21', 'SYYYY-MM-DD HH24:MI:SS'), 'admin', TO_DATE('2023-11-28 20:57:50', 'SYYYY-MM-DD HH24:MI:SS'));
INSERT INTO SYS_DEPT VALUES ('278', '济宁分部', '271', '270,271,278', '4', '阿虎', '16323242332', 'ahu@newbie.com', '1', '3', NULL, NULL, 'admin', TO_DATE('2023-11-28 19:57:47', 'SYYYY-MM-DD HH24:MI:SS'), 'admin', TO_DATE('2023-11-28 20:57:50', 'SYYYY-MM-DD HH24:MI:SS'));
INSERT INTO SYS_DEPT VALUES ('279', '菏泽分部', '271', '270,271,279', '5', '石头', '16767466463', 'shitou@newbie.com', '1', '3', NULL, NULL, 'admin', TO_DATE('2023-11-28 19:58:35', 'SYYYY-MM-DD HH24:MI:SS'), 'admin', TO_DATE('2023-11-28 20:57:50', 'SYYYY-MM-DD HH24:MI:SS'));

-- ----------------------------
-- Table structure for SYS_DICT_DATA
-- ----------------------------
DROP TABLE SYS_DICT_DATA;
CREATE TABLE SYS_DICT_DATA (
  ID NVARCHAR2(64) VISIBLE NOT NULL,
  LABEL NVARCHAR2(30) VISIBLE,
  VALUE NVARCHAR2(10) VISIBLE,
  TYPE_ID NVARCHAR2(64) VISIBLE,
  ELE_TYPE NVARCHAR2(10) VISIBLE,
  ELE_CLASS NVARCHAR2(255) VISIBLE,
  STATUS NCHAR(1) VISIBLE,
  DEF NCHAR(1) VISIBLE,
  SORT NUMBER(11,0) VISIBLE,
  REMARK NVARCHAR2(120) VISIBLE,
  CREATE_BY NVARCHAR2(30) VISIBLE,
  CREATE_TIME DATE VISIBLE,
  UPDATE_BY NVARCHAR2(30) VISIBLE,
  UPDATE_TIME DATE VISIBLE
)
LOGGING
NOCOMPRESS
PCTFREE 10
INITRANS 1
STORAGE (
  INITIAL 65536 
  NEXT 1048576 
  MINEXTENTS 1
  MAXEXTENTS 2147483645
  BUFFER_POOL DEFAULT
)
PARALLEL 1
NOCACHE
DISABLE ROW MOVEMENT
;
COMMENT ON COLUMN SYS_DICT_DATA.ID IS '主键';
COMMENT ON COLUMN SYS_DICT_DATA.LABEL IS '标签';
COMMENT ON COLUMN SYS_DICT_DATA.VALUE IS '值';
COMMENT ON COLUMN SYS_DICT_DATA.TYPE_ID IS '字典类型ID';
COMMENT ON COLUMN SYS_DICT_DATA.ELE_TYPE IS '元素类型';
COMMENT ON COLUMN SYS_DICT_DATA.ELE_CLASS IS '元素样式类名';
COMMENT ON COLUMN SYS_DICT_DATA.STATUS IS '状态（1正常 0禁用）';
COMMENT ON COLUMN SYS_DICT_DATA.DEF IS '默认，Y/N';
COMMENT ON COLUMN SYS_DICT_DATA.SORT IS '排序字段';
COMMENT ON COLUMN SYS_DICT_DATA.REMARK IS '备注';
COMMENT ON COLUMN SYS_DICT_DATA.CREATE_BY IS '创建者';
COMMENT ON COLUMN SYS_DICT_DATA.CREATE_TIME IS '创建时间';
COMMENT ON COLUMN SYS_DICT_DATA.UPDATE_BY IS '修改者';
COMMENT ON COLUMN SYS_DICT_DATA.UPDATE_TIME IS '修改时间';
COMMENT ON TABLE SYS_DICT_DATA IS '系统字典数据';

-- ----------------------------
-- Records of SYS_DICT_DATA
-- ----------------------------
INSERT INTO SYS_DICT_DATA VALUES ('16', '女', '0', '33', 'danger', NULL, '1', 'N', '1', NULL, NULL, TO_DATE('2024-02-21 17:10:58', 'SYYYY-MM-DD HH24:MI:SS'), NULL, TO_DATE('2024-03-09 22:38:57', 'SYYYY-MM-DD HH24:MI:SS'));
INSERT INTO SYS_DICT_DATA VALUES ('19', '男', '1', '33', 'primary', NULL, '1', 'N', '2', NULL, NULL, TO_DATE('2024-03-09 13:28:37', 'SYYYY-MM-DD HH24:MI:SS'), NULL, TO_DATE('2024-03-09 23:16:49', 'SYYYY-MM-DD HH24:MI:SS'));
INSERT INTO SYS_DICT_DATA VALUES ('20', '正常', '1', '35', 'primary', NULL, '1', 'Y', '1', NULL, NULL, TO_DATE('2024-03-09 21:02:49', 'SYYYY-MM-DD HH24:MI:SS'), NULL, TO_DATE('2024-03-09 23:16:45', 'SYYYY-MM-DD HH24:MI:SS'));
INSERT INTO SYS_DICT_DATA VALUES ('21', '锁定', '0', '35', 'info', NULL, '1', 'N', '2', NULL, NULL, TO_DATE('2024-03-09 21:02:59', 'SYYYY-MM-DD HH24:MI:SS'), NULL, TO_DATE('2024-03-09 22:36:03', 'SYYYY-MM-DD HH24:MI:SS'));
INSERT INTO SYS_DICT_DATA VALUES ('22', '正常', '1', '37', 'primary', 'status-enable status-box', '1', 'Y', '1', NULL, NULL, TO_DATE('2024-03-09 21:34:07', 'SYYYY-MM-DD HH24:MI:SS'), 'admin', TO_DATE('2024-04-18 14:55:10', 'SYYYY-MM-DD HH24:MI:SS'));
INSERT INTO SYS_DICT_DATA VALUES ('23', '禁用', '0', '37', 'info', 'status-disabled status-box', '1', 'N', '2', NULL, NULL, TO_DATE('2024-03-09 21:34:15', 'SYYYY-MM-DD HH24:MI:SS'), NULL, TO_DATE('2024-03-21 18:14:12', 'SYYYY-MM-DD HH24:MI:SS'));
INSERT INTO SYS_DICT_DATA VALUES ('25', '未知', '2', '33', 'warning', NULL, '1', 'Y', '3', NULL, NULL, TO_DATE('2024-03-09 22:24:30', 'SYYYY-MM-DD HH24:MI:SS'), NULL, TO_DATE('2024-03-09 22:37:53', 'SYYYY-MM-DD HH24:MI:SS'));
INSERT INTO SYS_DICT_DATA VALUES ('26', 'primary', 'primary', '38', 'primary', NULL, '1', 'Y', '1', NULL, NULL, TO_DATE('2024-03-09 22:53:21', 'SYYYY-MM-DD HH24:MI:SS'), 'admin', TO_DATE('2024-04-18 14:48:24', 'SYYYY-MM-DD HH24:MI:SS'));
INSERT INTO SYS_DICT_DATA VALUES ('27', 'success', 'success', '38', 'success', NULL, '1', 'N', '2', NULL, NULL, TO_DATE('2024-03-09 22:53:30', 'SYYYY-MM-DD HH24:MI:SS'), NULL, TO_DATE('2024-03-09 23:17:28', 'SYYYY-MM-DD HH24:MI:SS'));
INSERT INTO SYS_DICT_DATA VALUES ('28', 'info', 'info', '38', 'info', NULL, '1', 'N', '3', NULL, NULL, TO_DATE('2024-03-09 22:53:39', 'SYYYY-MM-DD HH24:MI:SS'), NULL, TO_DATE('2024-03-09 23:17:33', 'SYYYY-MM-DD HH24:MI:SS'));
INSERT INTO SYS_DICT_DATA VALUES ('29', 'warning', 'warning', '38', 'warning', NULL, '1', 'N', '4', NULL, NULL, TO_DATE('2024-03-09 22:53:46', 'SYYYY-MM-DD HH24:MI:SS'), NULL, TO_DATE('2024-03-09 23:17:36', 'SYYYY-MM-DD HH24:MI:SS'));
INSERT INTO SYS_DICT_DATA VALUES ('30', 'danger', 'danger', '38', 'danger', NULL, '1', 'N', '5', NULL, NULL, TO_DATE('2024-03-09 22:53:54', 'SYYYY-MM-DD HH24:MI:SS'), NULL, TO_DATE('2024-03-09 23:17:40', 'SYYYY-MM-DD HH24:MI:SS'));

-- ----------------------------
-- Table structure for SYS_DICT_TYPE
-- ----------------------------
DROP TABLE SYS_DICT_TYPE;
CREATE TABLE SYS_DICT_TYPE (
  ID NVARCHAR2(64) VISIBLE NOT NULL,
  TYPE_NAME NVARCHAR2(30) VISIBLE NOT NULL,
  TYPE_CODE NVARCHAR2(30) VISIBLE NOT NULL,
  STATUS NCHAR(1) VISIBLE,
  SORT NUMBER(11,0) VISIBLE,
  REMARK NVARCHAR2(120) VISIBLE,
  CREATE_BY NVARCHAR2(30) VISIBLE,
  CREATE_TIME DATE VISIBLE,
  UPDATE_BY NVARCHAR2(30) VISIBLE,
  UPDATE_TIME DATE VISIBLE
)
LOGGING
NOCOMPRESS
PCTFREE 10
INITRANS 1
STORAGE (
  INITIAL 65536 
  NEXT 1048576 
  MINEXTENTS 1
  MAXEXTENTS 2147483645
  BUFFER_POOL DEFAULT
)
PARALLEL 1
NOCACHE
DISABLE ROW MOVEMENT
;
COMMENT ON COLUMN SYS_DICT_TYPE.ID IS '主键';
COMMENT ON COLUMN SYS_DICT_TYPE.TYPE_NAME IS '字典类型名称';
COMMENT ON COLUMN SYS_DICT_TYPE.TYPE_CODE IS '类型编码';
COMMENT ON COLUMN SYS_DICT_TYPE.STATUS IS '状态（1正常 0禁用）';
COMMENT ON COLUMN SYS_DICT_TYPE.SORT IS '排序字段';
COMMENT ON COLUMN SYS_DICT_TYPE.REMARK IS '备注';
COMMENT ON COLUMN SYS_DICT_TYPE.CREATE_BY IS '创建者';
COMMENT ON COLUMN SYS_DICT_TYPE.CREATE_TIME IS '创建时间';
COMMENT ON COLUMN SYS_DICT_TYPE.UPDATE_BY IS '修改者';
COMMENT ON COLUMN SYS_DICT_TYPE.UPDATE_TIME IS '修改时间';
COMMENT ON TABLE SYS_DICT_TYPE IS '系统字典类型';

-- ----------------------------
-- Records of SYS_DICT_TYPE
-- ----------------------------
INSERT INTO SYS_DICT_TYPE VALUES ('33', '用户性别', 'userGender', '1', '2', NULL, 'admin', TO_DATE('2024-02-21 17:10:39', 'SYYYY-MM-DD HH24:MI:SS'), 'admin', TO_DATE('2024-03-09 22:03:41', 'SYYYY-MM-DD HH24:MI:SS'));
INSERT INTO SYS_DICT_TYPE VALUES ('35', '用户状态', 'userStatus', '1', '3', NULL, 'admin', TO_DATE('2024-03-09 21:02:27', 'SYYYY-MM-DD HH24:MI:SS'), 'admin', TO_DATE('2024-03-09 22:50:28', 'SYYYY-MM-DD HH24:MI:SS'));
INSERT INTO SYS_DICT_TYPE VALUES ('38', '元素类型', 'eleType', '1', '4', '元素类型', 'admin', TO_DATE('2024-03-09 22:52:58', 'SYYYY-MM-DD HH24:MI:SS'), 'admin', TO_DATE('2024-03-10 13:41:31', 'SYYYY-MM-DD HH24:MI:SS'));
INSERT INTO SYS_DICT_TYPE VALUES ('37', '通用状态', 'commonStatus', '1', '1', '通用状态', 'admin', TO_DATE('2024-03-09 21:32:14', 'SYYYY-MM-DD HH24:MI:SS'), 'admin', TO_DATE('2024-05-28 17:03:19', 'SYYYY-MM-DD HH24:MI:SS'));

-- ----------------------------
-- Table structure for SYS_LOG_LOGIN
-- ----------------------------
DROP TABLE SYS_LOG_LOGIN;
CREATE TABLE SYS_LOG_LOGIN (
  ID NVARCHAR2(64) VISIBLE NOT NULL,
  STATUS NCHAR(1) VISIBLE,
  LOGIN_IP NVARCHAR2(45) VISIBLE,
  LOGIN_METHOD NVARCHAR2(50) VISIBLE,
  FAIL_REASON NVARCHAR2(1000) VISIBLE,
  OS NVARCHAR2(255) VISIBLE,
  BROWSER NVARCHAR2(255) VISIBLE,
  COST_TIME NUMBER(20,0) VISIBLE,
  CREATE_TIME DATE VISIBLE,
  LOGIN_TYPE NCHAR(1) VISIBLE,
  USERNAME NVARCHAR2(255) VISIBLE
)
LOGGING
NOCOMPRESS
PCTFREE 10
INITRANS 1
STORAGE (
  INITIAL 65536 
  NEXT 1048576 
  MINEXTENTS 1
  MAXEXTENTS 2147483645
  BUFFER_POOL DEFAULT
)
PARALLEL 1
NOCACHE
DISABLE ROW MOVEMENT
;
COMMENT ON COLUMN SYS_LOG_LOGIN.ID IS '主键';
COMMENT ON COLUMN SYS_LOG_LOGIN.STATUS IS '状态 1 成功，0 失败';
COMMENT ON COLUMN SYS_LOG_LOGIN.LOGIN_IP IS '登录IP';
COMMENT ON COLUMN SYS_LOG_LOGIN.LOGIN_METHOD IS '登录方式';
COMMENT ON COLUMN SYS_LOG_LOGIN.FAIL_REASON IS '失败原因';
COMMENT ON COLUMN SYS_LOG_LOGIN.OS IS '操作系统';
COMMENT ON COLUMN SYS_LOG_LOGIN.BROWSER IS '浏览器信息';
COMMENT ON COLUMN SYS_LOG_LOGIN.COST_TIME IS '消耗时长，毫秒';
COMMENT ON COLUMN SYS_LOG_LOGIN.CREATE_TIME IS '创建时间';
COMMENT ON COLUMN SYS_LOG_LOGIN.LOGIN_TYPE IS '1 登入，0 登出';
COMMENT ON COLUMN SYS_LOG_LOGIN.USERNAME IS '用户名';
COMMENT ON TABLE SYS_LOG_LOGIN IS '系统登录日志';

-- ----------------------------
-- Records of SYS_LOG_LOGIN
-- ----------------------------

-- ----------------------------
-- Table structure for SYS_LOG_OPERATE
-- ----------------------------
DROP TABLE SYS_LOG_OPERATE;
CREATE TABLE SYS_LOG_OPERATE (
  ID NVARCHAR2(64) VISIBLE NOT NULL,
  USERNAME NVARCHAR2(30) VISIBLE,
  STATUS NCHAR(1) VISIBLE,
  FAIL_REASON NVARCHAR2(1000) VISIBLE,
  CLIENT_IP NVARCHAR2(100) VISIBLE,
  TARGET_URI NVARCHAR2(255) VISIBLE,
  TARGET_FUN NVARCHAR2(255) VISIBLE,
  METHOD NVARCHAR2(10) VISIBLE,
  COST_TIME NUMBER(20,0) VISIBLE,
  CREATE_TIME DATE VISIBLE
)
LOGGING
NOCOMPRESS
PCTFREE 10
INITRANS 1
STORAGE (
  INITIAL 65536 
  NEXT 1048576 
  MINEXTENTS 1
  MAXEXTENTS 2147483645
  BUFFER_POOL DEFAULT
)
PARALLEL 1
NOCACHE
DISABLE ROW MOVEMENT
;
COMMENT ON COLUMN SYS_LOG_OPERATE.ID IS '主键';
COMMENT ON COLUMN SYS_LOG_OPERATE.USERNAME IS '用户名';
COMMENT ON COLUMN SYS_LOG_OPERATE.STATUS IS '状态，1 成功，0 失败';
COMMENT ON COLUMN SYS_LOG_OPERATE.FAIL_REASON IS '失败原因';
COMMENT ON COLUMN SYS_LOG_OPERATE.CLIENT_IP IS '客户端IP';
COMMENT ON COLUMN SYS_LOG_OPERATE.TARGET_URI IS '请求路径';
COMMENT ON COLUMN SYS_LOG_OPERATE.TARGET_FUN IS '执行的类方法';
COMMENT ON COLUMN SYS_LOG_OPERATE.METHOD IS '请求方式';
COMMENT ON COLUMN SYS_LOG_OPERATE.COST_TIME IS '消耗时长，毫秒';
COMMENT ON COLUMN SYS_LOG_OPERATE.CREATE_TIME IS '创建时间';
COMMENT ON TABLE SYS_LOG_OPERATE IS '系统操作日志';

-- ----------------------------
-- Records of SYS_LOG_OPERATE
-- ----------------------------

-- ----------------------------
-- Table structure for SYS_MENU
-- ----------------------------
DROP TABLE SYS_MENU;
CREATE TABLE SYS_MENU (
  ID NVARCHAR2(64) VISIBLE NOT NULL,
  TITLE NVARCHAR2(50) VISIBLE NOT NULL,
  PARENT_ID NVARCHAR2(64) VISIBLE,
  SORT NUMBER(11,0) VISIBLE,
  STATUS NCHAR(1) VISIBLE,
  ROUTE_PATH NVARCHAR2(255) VISIBLE,
  ROUTE_NAME NVARCHAR2(30) VISIBLE,
  COMPONENT NVARCHAR2(255) VISIBLE,
  REMARK NVARCHAR2(120) VISIBLE,
  CREATE_BY NVARCHAR2(30) VISIBLE,
  CREATE_TIME DATE VISIBLE,
  UPDATE_BY NVARCHAR2(30) VISIBLE,
  UPDATE_TIME DATE VISIBLE,
  IS_KEEP NCHAR(1) VISIBLE,
  TYPE NCHAR(1) VISIBLE,
  IS_HIDE NCHAR(1) VISIBLE,
  PERM NVARCHAR2(100) VISIBLE,
  ICON NVARCHAR2(100) VISIBLE,
  HIDE_CHILDREN NCHAR(1) VISIBLE,
  IFRAME_LINK NVARCHAR2(255) VISIBLE,
  IS_OUTER NCHAR(1) VISIBLE,
  TRANSITION NVARCHAR2(30) VISIBLE,
  FIXED_TAB NCHAR(1) VISIBLE,
  ANCESTORS NVARCHAR2(1000) VISIBLE,
  TIER NUMBER(11,0) VISIBLE
)
LOGGING
NOCOMPRESS
PCTFREE 10
INITRANS 1
STORAGE (
  INITIAL 65536 
  NEXT 1048576 
  MINEXTENTS 1
  MAXEXTENTS 2147483645
  BUFFER_POOL DEFAULT
)
PARALLEL 1
NOCACHE
DISABLE ROW MOVEMENT
;
COMMENT ON COLUMN SYS_MENU.ID IS '菜单ID';
COMMENT ON COLUMN SYS_MENU.TITLE IS '菜单标题';
COMMENT ON COLUMN SYS_MENU.PARENT_ID IS '父菜单ID';
COMMENT ON COLUMN SYS_MENU.SORT IS '排序';
COMMENT ON COLUMN SYS_MENU.STATUS IS '菜单状态（1正常 0停用）';
COMMENT ON COLUMN SYS_MENU.ROUTE_PATH IS '路由地址';
COMMENT ON COLUMN SYS_MENU.ROUTE_NAME IS '路由name';
COMMENT ON COLUMN SYS_MENU.COMPONENT IS '组件路径';
COMMENT ON COLUMN SYS_MENU.REMARK IS '备注';
COMMENT ON COLUMN SYS_MENU.CREATE_BY IS '创建者';
COMMENT ON COLUMN SYS_MENU.CREATE_TIME IS '创建时间';
COMMENT ON COLUMN SYS_MENU.UPDATE_BY IS '更新者';
COMMENT ON COLUMN SYS_MENU.UPDATE_TIME IS '修改时间';
COMMENT ON COLUMN SYS_MENU.IS_KEEP IS '是否缓存组件（1缓存 0不缓存）';
COMMENT ON COLUMN SYS_MENU.TYPE IS '菜单类型（1菜单 0按钮）';
COMMENT ON COLUMN SYS_MENU.IS_HIDE IS '是否隐藏菜单（1是 0否 ）';
COMMENT ON COLUMN SYS_MENU.PERM IS '权限标识';
COMMENT ON COLUMN SYS_MENU.ICON IS '菜单图标';
COMMENT ON COLUMN SYS_MENU.HIDE_CHILDREN IS '是否隐藏子级菜单（1是 0否）';
COMMENT ON COLUMN SYS_MENU.IFRAME_LINK IS '内嵌外链接地址';
COMMENT ON COLUMN SYS_MENU.IS_OUTER IS '是否在layout外显示（1是 0否）';
COMMENT ON COLUMN SYS_MENU.TRANSITION IS '切换动画';
COMMENT ON COLUMN SYS_MENU.FIXED_TAB IS '是否固定在tabs（1是 0否）';
COMMENT ON COLUMN SYS_MENU.ANCESTORS IS '祖级列表';
COMMENT ON COLUMN SYS_MENU.TIER IS '层级';
COMMENT ON TABLE SYS_MENU IS '系统菜单表';

-- ----------------------------
-- Records of SYS_MENU
-- ----------------------------
INSERT INTO SYS_MENU VALUES ('1796439829787398145', '服务监控', '1795419039163936769', '50', '1', '/monitor/server', 'SysServerMonitor', 'monitor/serverMonitor/index', NULL, 'admin', TO_DATE('2024-05-31 15:13:26', 'SYYYY-MM-DD HH24:MI:SS'), 'admin', TO_DATE('2024-06-04 16:01:59', 'SYYYY-MM-DD HH24:MI:SS'), '0', '1', '0', 'sys.monitor.server', 'CarbonCloudMonitoring', '0', NULL, '0', NULL, '0', '1795419039163936769,1796439829787398145', '2');
INSERT INTO SYS_MENU VALUES ('1795419039163936769', '系统监控', '0', '3', '1', '/monitor', NULL, NULL, NULL, 'admin', TO_DATE('2024-05-28 19:37:10', 'SYYYY-MM-DD HH24:MI:SS'), 'admin', TO_DATE('2024-05-28 19:42:41', 'SYYYY-MM-DD HH24:MI:SS'), '0', '1', '0', NULL, 'CarbonCloudMonitoring', '0', NULL, '0', NULL, '0', '1795419039163936769', '1');
INSERT INTO SYS_MENU VALUES ('1795424113898455041', '操作日志', '1795419039163936769', '20', '1', '/monitor/operatelog', 'SysLogOperate', 'monitor/logOperate/index', NULL, 'admin', TO_DATE('2024-05-28 19:57:20', 'SYYYY-MM-DD HH24:MI:SS'), 'admin', TO_DATE('2024-05-28 20:06:45', 'SYYYY-MM-DD HH24:MI:SS'), '0', '1', '0', 'sys.log.operate', 'MaterialSymbolsDataInfoAlertRounded', '0', NULL, '0', NULL, '0', '1795419039163936769,1795424113898455041', '2');
INSERT INTO SYS_MENU VALUES ('1795426597572345858', '删除', '1795424113898455041', '10', '1', NULL, NULL, NULL, NULL, 'admin', TO_DATE('2024-05-28 20:07:12', 'SYYYY-MM-DD HH24:MI:SS'), 'admin', TO_DATE('2024-05-28 20:07:12', 'SYYYY-MM-DD HH24:MI:SS'), NULL, '0', NULL, 'sys.log.operate.del', NULL, NULL, NULL, NULL, NULL, NULL, '1795419039163936769,1795424113898455041,1795426597572345858', '3');
INSERT INTO SYS_MENU VALUES ('1795426808940101633', '登录日志', '1795419039163936769', '30', '1', '/monitor/loginlog', 'SysLogLogin', 'monitor/logLogin/index', NULL, 'admin', TO_DATE('2024-05-28 20:08:03', 'SYYYY-MM-DD HH24:MI:SS'), 'admin', TO_DATE('2024-05-28 20:08:43', 'SYYYY-MM-DD HH24:MI:SS'), '0', '1', '0', 'sys.log.login', 'MaterialSymbolsDataInfoAlertRounded', '0', NULL, '0', NULL, '0', '1795419039163936769,1795426808940101633', '2');
INSERT INTO SYS_MENU VALUES ('1795427077400723458', '删除', '1795426808940101633', '10', '1', NULL, NULL, NULL, NULL, 'admin', TO_DATE('2024-05-28 20:09:07', 'SYYYY-MM-DD HH24:MI:SS'), 'admin', TO_DATE('2024-05-28 20:09:07', 'SYYYY-MM-DD HH24:MI:SS'), NULL, '0', NULL, 'sys.log.login.del', NULL, NULL, NULL, NULL, NULL, NULL, '1795419039163936769,1795426808940101633,1795427077400723458', '3');
INSERT INTO SYS_MENU VALUES ('2008', '系统管理', '0', '2', '1', '/system', 'System', NULL, NULL, 'admin', TO_DATE('2023-02-26 01:31:55', 'SYYYY-MM-DD HH24:MI:SS'), 'admin', TO_DATE('2023-11-28 20:58:16', 'SYYYY-MM-DD HH24:MI:SS'), '0', '1', '0', 'sys', 'TdesignSystemSetting', '0', NULL, '0', NULL, '0', '2008', '1');
INSERT INTO SYS_MENU VALUES ('2009', '用户管理', '2008', '1', '1', '/system/user', 'SysUser', 'system/user/index', NULL, 'admin', TO_DATE('2023-02-26 01:49:34', 'SYYYY-MM-DD HH24:MI:SS'), 'admin', TO_DATE('2024-04-23 19:04:05', 'SYYYY-MM-DD HH24:MI:SS'), '0', '1', '0', 'sys.user', 'MaterialSymbolsManageAccountsOutlineRounded', '0', NULL, '0', NULL, '0', '2008,2009', '2');
INSERT INTO SYS_MENU VALUES ('2010', '角色管理', '2008', '2', '1', '/system/role', 'SysRole', 'system/role/index', NULL, 'admin', TO_DATE('2023-02-26 02:31:10', 'SYYYY-MM-DD HH24:MI:SS'), 'admin', TO_DATE('2024-05-02 14:45:13', 'SYYYY-MM-DD HH24:MI:SS'), '0', '1', '0', 'sys.role', 'CarbonUserRole', '0', NULL, '0', NULL, '0', '2008,2010', '2');
INSERT INTO SYS_MENU VALUES ('2013', '菜单管理', '2008', '3', '1', '/system/menu', 'SysMenu', 'system/menu/index', NULL, 'admin', TO_DATE('2023-02-26 23:11:00', 'SYYYY-MM-DD HH24:MI:SS'), 'admin', TO_DATE('2024-04-23 19:00:35', 'SYYYY-MM-DD HH24:MI:SS'), '0', '1', '0', 'sys.menu', 'FluentTextBulletListTree16Regular', '0', NULL, '0', NULL, '0', '2008,2013', '2');
INSERT INTO SYS_MENU VALUES ('2042', '首页', '0', '0', '1', '/home', NULL, 'home/index', NULL, 'admin', TO_DATE('2023-07-31 05:37:08', 'SYYYY-MM-DD HH24:MI:SS'), 'admin', TO_DATE('2024-05-28 14:34:03', 'SYYYY-MM-DD HH24:MI:SS'), '0', '1', '0', NULL, 'ep:home-filled', '0', NULL, '0', NULL, '1', '2042', '1');
INSERT INTO SYS_MENU VALUES ('2050', '新增', '2013', '1', '1', NULL, NULL, NULL, '菜单新增按钮', 'admin', TO_DATE('2023-08-27 15:54:22', 'SYYYY-MM-DD HH24:MI:SS'), 'admin', TO_DATE('2024-04-18 16:04:23', 'SYYYY-MM-DD HH24:MI:SS'), '0', '0', '0', 'sys.menu.add', NULL, NULL, NULL, '0', NULL, '0', '2008,2013,2050', '3');
INSERT INTO SYS_MENU VALUES ('2051', '修改', '2013', '2', '1', NULL, NULL, NULL, '菜单编辑按钮', 'admin', TO_DATE('2023-08-27 15:54:58', 'SYYYY-MM-DD HH24:MI:SS'), 'admin', TO_DATE('2024-04-18 18:04:41', 'SYYYY-MM-DD HH24:MI:SS'), '0', '0', '0', 'sys.menu.update', NULL, NULL, NULL, '0', NULL, '0', '2008,2013,2051', '3');
INSERT INTO SYS_MENU VALUES ('2052', '删除', '2013', '3', '1', NULL, NULL, NULL, '菜单删除按钮', 'admin', TO_DATE('2023-08-27 15:55:21', 'SYYYY-MM-DD HH24:MI:SS'), 'admin', TO_DATE('2024-04-18 16:04:54', 'SYYYY-MM-DD HH24:MI:SS'), '0', '0', '0', 'sys.menu.del', NULL, NULL, NULL, '0', NULL, '0', '2008,2013,2052', '3');
INSERT INTO SYS_MENU VALUES ('2069', '前端文档', '2072', '98', '1', 'https://zhangyuge7.github.io/preview/five-admin-v2-docs/', NULL, NULL, NULL, 'admin', TO_DATE('2023-11-10 15:03:57', 'SYYYY-MM-DD HH24:MI:SS'), 'admin', TO_DATE('2024-05-18 17:13:56', 'SYYYY-MM-DD HH24:MI:SS'), '0', '1', '0', NULL, 'ep:document', '0', NULL, '0', NULL, '0', '2072,2069', '2');
INSERT INTO SYS_MENU VALUES ('2071', '部门管理', '2008', '6', '1', '/system/dept', 'SysDept', 'system/dept/index', NULL, 'admin', TO_DATE('2023-11-18 22:46:58', 'SYYYY-MM-DD HH24:MI:SS'), 'admin', TO_DATE('2024-04-23 19:00:55', 'SYYYY-MM-DD HH24:MI:SS'), '0', '1', '0', 'sys.dept', 'MingcuteDepartmentLine', '0', NULL, '0', NULL, '0', '2008,2071', '2');
INSERT INTO SYS_MENU VALUES ('2072', '文档', '0', '22', '1', '/docs', NULL, NULL, NULL, 'admin', TO_DATE('2023-11-19 00:04:13', 'SYYYY-MM-DD HH24:MI:SS'), 'admin', TO_DATE('2023-11-28 20:58:16', 'SYYYY-MM-DD HH24:MI:SS'), '0', '1', '0', NULL, 'EpSetting', '0', NULL, '0', NULL, '0', '2072', '1');
INSERT INTO SYS_MENU VALUES ('3009', '字典分类', '2008', '10', '1', '/system/dict/type', 'SysDeptType', 'system/dictType/index', NULL, 'admin', TO_DATE('2023-11-19 22:33:46', 'SYYYY-MM-DD HH24:MI:SS'), 'admin', TO_DATE('2024-04-23 19:01:22', 'SYYYY-MM-DD HH24:MI:SS'), '0', '1', '1', 'sys.dict.type', 'MingcuteBook5Line', '0', NULL, '0', NULL, '0', '2008,3009', '2');
INSERT INTO SYS_MENU VALUES ('3010', '字典管理', '2008', '11', '1', '/system/dict/data', 'SysDictData', 'system/dictData/index', NULL, 'admin', TO_DATE('2024-02-20 11:29:06', 'SYYYY-MM-DD HH24:MI:SS'), 'admin', TO_DATE('2024-04-23 19:01:48', 'SYYYY-MM-DD HH24:MI:SS'), '0', '1', '0', 'sys.dict.data', 'SolarNotebookMinimalisticLinear', '0', NULL, '0', NULL, '0', '2008,3010', '2');
INSERT INTO SYS_MENU VALUES ('3015', '个人中心', '0', '99', '1', '/personal-center', 'PersonalCenter', 'personalCenter/index', NULL, 'admin', TO_DATE('2024-03-22 12:38:00', 'SYYYY-MM-DD HH24:MI:SS'), 'admin', TO_DATE('2024-05-24 11:17:16', 'SYYYY-MM-DD HH24:MI:SS'), '0', '1', '0', NULL, 'CarbonUserRole', '0', NULL, '0', NULL, '0', '3015', '1');
INSERT INTO SYS_MENU VALUES ('3038', '新增', '2009', '1', '1', NULL, NULL, NULL, NULL, 'admin', TO_DATE('2024-04-18 16:06:10', 'SYYYY-MM-DD HH24:MI:SS'), NULL, NULL, '0', '0', '0', 'sys.user.add', NULL, '0', NULL, '0', NULL, '0', '2008,2009,3038', '3');
INSERT INTO SYS_MENU VALUES ('3039', '修改', '2009', '2', '1', NULL, NULL, NULL, NULL, 'admin', TO_DATE('2024-04-18 16:06:22', 'SYYYY-MM-DD HH24:MI:SS'), 'admin', TO_DATE('2024-04-18 16:07:44', 'SYYYY-MM-DD HH24:MI:SS'), '0', '0', '0', 'sys.user.update', NULL, '0', NULL, '0', NULL, '0', '2008,2009,3039', '3');
INSERT INTO SYS_MENU VALUES ('3040', '删除', '2009', '3', '1', NULL, NULL, NULL, NULL, 'admin', TO_DATE('2024-04-18 16:06:34', 'SYYYY-MM-DD HH24:MI:SS'), NULL, NULL, '0', '0', '0', 'sys.user.del', NULL, '0', NULL, '0', NULL, '0', '2008,2009,3040', '3');
INSERT INTO SYS_MENU VALUES ('3041', '修改密码', '2009', '4', '1', NULL, NULL, NULL, NULL, 'admin', TO_DATE('2024-04-18 16:07:24', 'SYYYY-MM-DD HH24:MI:SS'), NULL, NULL, '0', '0', '0', 'sys.user.update.password', NULL, '0', NULL, '0', NULL, '0', '2008,2009,3041', '3');
INSERT INTO SYS_MENU VALUES ('3042', '新增', '2010', '1', '1', NULL, NULL, NULL, NULL, 'admin', TO_DATE('2024-04-18 16:09:31', 'SYYYY-MM-DD HH24:MI:SS'), NULL, NULL, '0', '0', '0', 'sys.role.add', NULL, '0', NULL, '0', NULL, '0', '2008,2010,3042', '3');
INSERT INTO SYS_MENU VALUES ('3043', '修改', '2010', '2', '1', NULL, NULL, NULL, NULL, 'admin', TO_DATE('2024-04-18 16:09:46', 'SYYYY-MM-DD HH24:MI:SS'), NULL, NULL, '0', '0', '0', 'sys.role.update', NULL, '0', NULL, '0', NULL, '0', '2008,2010,3043', '3');
INSERT INTO SYS_MENU VALUES ('3044', '删除', '2010', '3', '1', NULL, NULL, NULL, NULL, 'admin', TO_DATE('2024-04-18 18:02:04', 'SYYYY-MM-DD HH24:MI:SS'), NULL, NULL, '0', '0', '0', 'sys.role.del', NULL, '0', NULL, '0', NULL, '0', '2008,2010,3044', '3');
INSERT INTO SYS_MENU VALUES ('3045', '权限', '2010', '4', '1', NULL, NULL, NULL, '分配权限按钮', 'admin', TO_DATE('2024-04-18 18:03:10', 'SYYYY-MM-DD HH24:MI:SS'), NULL, NULL, '0', '0', '0', 'sys.role.perm', NULL, '0', NULL, '0', NULL, '0', '2008,2010,3045', '3');
INSERT INTO SYS_MENU VALUES ('3046', '用户', '2010', '5', '1', NULL, NULL, NULL, '分配用户按钮', 'admin', TO_DATE('2024-04-18 18:03:35', 'SYYYY-MM-DD HH24:MI:SS'), NULL, NULL, '0', '0', '0', 'sys.role.user', NULL, '0', NULL, '0', NULL, '0', '2008,2010,3046', '3');
INSERT INTO SYS_MENU VALUES ('3047', '新增', '2071', '1', '1', NULL, NULL, NULL, NULL, 'admin', TO_DATE('2024-04-18 18:04:07', 'SYYYY-MM-DD HH24:MI:SS'), NULL, NULL, '0', '0', '0', 'sys.dept.add', NULL, '0', NULL, '0', NULL, '0', '2008,2071,3047', '3');
INSERT INTO SYS_MENU VALUES ('3048', '修改', '2071', '2', '1', NULL, NULL, NULL, NULL, 'admin', TO_DATE('2024-04-18 18:04:25', 'SYYYY-MM-DD HH24:MI:SS'), NULL, NULL, '0', '0', '0', 'sys.dept.update', NULL, '0', NULL, '0', NULL, '0', '2008,2071,3048', '3');
INSERT INTO SYS_MENU VALUES ('3049', '删除', '2071', '3', '1', NULL, NULL, NULL, NULL, 'admin', TO_DATE('2024-04-18 18:04:57', 'SYYYY-MM-DD HH24:MI:SS'), NULL, NULL, '0', '0', '0', 'sys.dept.del', NULL, '0', NULL, '0', NULL, '0', '2008,2071,3049', '3');
INSERT INTO SYS_MENU VALUES ('3050', '新增', '3009', '1', '1', NULL, NULL, NULL, NULL, 'admin', TO_DATE('2024-04-18 18:05:37', 'SYYYY-MM-DD HH24:MI:SS'), 'admin', TO_DATE('2024-04-18 18:05:53', 'SYYYY-MM-DD HH24:MI:SS'), '0', '0', '0', 'sys.dict.type.add', NULL, '0', NULL, '0', NULL, '0', '2008,3009,3050', '3');
INSERT INTO SYS_MENU VALUES ('3051', '修改', '3009', '2', '1', NULL, NULL, NULL, NULL, 'admin', TO_DATE('2024-04-18 18:06:25', 'SYYYY-MM-DD HH24:MI:SS'), NULL, NULL, '0', '0', '0', 'sys.dict.type.update', NULL, '0', NULL, '0', NULL, '0', '2008,3009,3051', '3');
INSERT INTO SYS_MENU VALUES ('3052', '删除', '3009', '3', '1', NULL, NULL, NULL, NULL, 'admin', TO_DATE('2024-04-18 18:06:40', 'SYYYY-MM-DD HH24:MI:SS'), NULL, NULL, '0', '0', '0', 'sys.dict.type.del', NULL, '0', NULL, '0', NULL, '0', '2008,3009,3052', '3');
INSERT INTO SYS_MENU VALUES ('3053', '新增', '3010', '1', '1', NULL, NULL, NULL, NULL, 'admin', TO_DATE('2024-04-18 18:07:10', 'SYYYY-MM-DD HH24:MI:SS'), NULL, NULL, '0', '0', '0', 'sys.dict.data.add', NULL, '0', NULL, '0', NULL, '0', '2008,3010,3053', '3');
INSERT INTO SYS_MENU VALUES ('3054', '修改', '3010', '2', '1', NULL, NULL, NULL, NULL, 'admin', TO_DATE('2024-04-18 18:07:25', 'SYYYY-MM-DD HH24:MI:SS'), NULL, NULL, '0', '0', '0', 'sys.dict.data.update', NULL, '0', NULL, '0', NULL, '0', '2008,3010,3054', '3');
INSERT INTO SYS_MENU VALUES ('3055', '删除', '3010', '3', '1', NULL, NULL, NULL, NULL, 'admin', TO_DATE('2024-04-18 18:07:48', 'SYYYY-MM-DD HH24:MI:SS'), NULL, NULL, '0', '0', '0', 'sys.dict.data.del', NULL, '0', NULL, '0', NULL, '0', '2008,3010,3055', '3');
INSERT INTO SYS_MENU VALUES ('3056', '默认', '3010', '4', '1', NULL, NULL, NULL, '字典数据设置默认的按钮', 'admin', TO_DATE('2024-04-18 18:08:52', 'SYYYY-MM-DD HH24:MI:SS'), NULL, NULL, '0', '0', '0', 'sys.dict.data.def', NULL, '0', NULL, '0', NULL, '0', '2008,3010,3056', '3');
INSERT INTO SYS_MENU VALUES ('3059', '演示', '0', '98', '1', '/demo', NULL, NULL, NULL, 'admin', TO_DATE('2024-04-30 15:06:58', 'SYYYY-MM-DD HH24:MI:SS'), 'admin', TO_DATE('2024-05-18 17:11:44', 'SYYYY-MM-DD HH24:MI:SS'), '0', '1', '0', NULL, 'MingcuteDepartmentLine', '0', NULL, '0', NULL, '0', '3059', '1');
INSERT INTO SYS_MENU VALUES ('3060', '上传下载', '3059', '1', '1', '/uploadtest', 'UploadTest', 'demo/UploadTest', NULL, 'admin', TO_DATE('2024-04-30 15:08:16', 'SYYYY-MM-DD HH24:MI:SS'), NULL, NULL, '0', '1', '0', NULL, NULL, '0', NULL, '0', NULL, '0', '3059,3060', '2');
INSERT INTO SYS_MENU VALUES ('3068', 'API文档', '2072', '1', '1', 'http://localhost:8080/swagger-ui/index.html,_blank', NULL, NULL, NULL, 'admin', TO_DATE('2024-05-25 14:33:52', 'SYYYY-MM-DD HH24:MI:SS'), 'admin', TO_DATE('2024-05-25 14:35:04', 'SYYYY-MM-DD HH24:MI:SS'), '0', '1', '0', NULL, 'SolarNotebookMinimalisticLinear', '0', NULL, '0', NULL, '0', '2072,3068', '2');

-- ----------------------------
-- Table structure for SYS_ROLE
-- ----------------------------
DROP TABLE SYS_ROLE;
CREATE TABLE SYS_ROLE (
  ID NVARCHAR2(64) VISIBLE NOT NULL,
  ROLE_NAME NVARCHAR2(30) VISIBLE NOT NULL,
  ROLE_CODE NVARCHAR2(60) VISIBLE NOT NULL,
  SORT NUMBER(11,0) VISIBLE,
  STATUS NCHAR(1) VISIBLE NOT NULL,
  HOME_PATH NVARCHAR2(255) VISIBLE,
  REMARK NVARCHAR2(120) VISIBLE,
  CREATE_BY NVARCHAR2(30) VISIBLE,
  CREATE_TIME DATE VISIBLE,
  UPDATE_BY NVARCHAR2(30) VISIBLE,
  UPDATE_TIME DATE VISIBLE
)
LOGGING
NOCOMPRESS
PCTFREE 10
INITRANS 1
STORAGE (
  INITIAL 65536 
  NEXT 1048576 
  MINEXTENTS 1
  MAXEXTENTS 2147483645
  BUFFER_POOL DEFAULT
)
PARALLEL 1
NOCACHE
DISABLE ROW MOVEMENT
;
COMMENT ON COLUMN SYS_ROLE.ID IS '主键';
COMMENT ON COLUMN SYS_ROLE.ROLE_NAME IS '角色名称';
COMMENT ON COLUMN SYS_ROLE.ROLE_CODE IS '角色编码';
COMMENT ON COLUMN SYS_ROLE.SORT IS '排序顺序';
COMMENT ON COLUMN SYS_ROLE.STATUS IS '角色状态（1正常 0停用）';
COMMENT ON COLUMN SYS_ROLE.HOME_PATH IS '首页路由地址';
COMMENT ON COLUMN SYS_ROLE.REMARK IS '备注';
COMMENT ON COLUMN SYS_ROLE.CREATE_BY IS '创建者';
COMMENT ON COLUMN SYS_ROLE.CREATE_TIME IS '创建时间';
COMMENT ON COLUMN SYS_ROLE.UPDATE_BY IS '更新者';
COMMENT ON COLUMN SYS_ROLE.UPDATE_TIME IS '修改时间';
COMMENT ON TABLE SYS_ROLE IS '角色表';

-- ----------------------------
-- Records of SYS_ROLE
-- ----------------------------
INSERT INTO SYS_ROLE VALUES ('173', '测试', 'test', '1', '1', NULL, '测试角色', 'admin', TO_DATE('2024-04-18 15:53:42', 'SYYYY-MM-DD HH24:MI:SS'), 'admin', TO_DATE('2024-05-02 15:48:58', 'SYYYY-MM-DD HH24:MI:SS'));

-- ----------------------------
-- Table structure for SYS_ROLE_MENU
-- ----------------------------
DROP TABLE SYS_ROLE_MENU;
CREATE TABLE SYS_ROLE_MENU (
  ID NVARCHAR2(64) VISIBLE NOT NULL,
  ROLE_ID NVARCHAR2(64) VISIBLE NOT NULL,
  MENU_ID NVARCHAR2(64) VISIBLE NOT NULL,
  CREATE_BY NVARCHAR2(30) VISIBLE,
  CREATE_TIME DATE VISIBLE,
  UPDATE_BY NVARCHAR2(30) VISIBLE,
  UPDATE_TIME DATE VISIBLE
)
LOGGING
NOCOMPRESS
PCTFREE 10
INITRANS 1
STORAGE (
  INITIAL 65536 
  NEXT 1048576 
  MINEXTENTS 1
  MAXEXTENTS 2147483645
  BUFFER_POOL DEFAULT
)
PARALLEL 1
NOCACHE
DISABLE ROW MOVEMENT
;
COMMENT ON COLUMN SYS_ROLE_MENU.ID IS '主键';
COMMENT ON COLUMN SYS_ROLE_MENU.ROLE_ID IS '角色ID';
COMMENT ON COLUMN SYS_ROLE_MENU.MENU_ID IS '菜单ID';
COMMENT ON COLUMN SYS_ROLE_MENU.CREATE_BY IS '创建者';
COMMENT ON COLUMN SYS_ROLE_MENU.CREATE_TIME IS '创建时间';
COMMENT ON COLUMN SYS_ROLE_MENU.UPDATE_BY IS '修改者';
COMMENT ON COLUMN SYS_ROLE_MENU.UPDATE_TIME IS '修改时间';
COMMENT ON TABLE SYS_ROLE_MENU IS '角色菜单关系表';

-- ----------------------------
-- Records of SYS_ROLE_MENU
-- ----------------------------
INSERT INTO SYS_ROLE_MENU VALUES ('1800799950776745985', '173', '2042', 'admin', TO_DATE('2024-06-12 15:59:00', 'SYYYY-MM-DD HH24:MI:SS'), NULL, NULL);
INSERT INTO SYS_ROLE_MENU VALUES ('1800799950776745986', '173', '2072', 'admin', TO_DATE('2024-06-12 15:59:00', 'SYYYY-MM-DD HH24:MI:SS'), NULL, NULL);
INSERT INTO SYS_ROLE_MENU VALUES ('1800799950776745987', '173', '3068', 'admin', TO_DATE('2024-06-12 15:59:00', 'SYYYY-MM-DD HH24:MI:SS'), NULL, NULL);
INSERT INTO SYS_ROLE_MENU VALUES ('1800799950776745988', '173', '2069', 'admin', TO_DATE('2024-06-12 15:59:00', 'SYYYY-MM-DD HH24:MI:SS'), NULL, NULL);
INSERT INTO SYS_ROLE_MENU VALUES ('1800799950776745989', '173', '3059', 'admin', TO_DATE('2024-06-12 15:59:00', 'SYYYY-MM-DD HH24:MI:SS'), NULL, NULL);
INSERT INTO SYS_ROLE_MENU VALUES ('1800799950776745990', '173', '3060', 'admin', TO_DATE('2024-06-12 15:59:00', 'SYYYY-MM-DD HH24:MI:SS'), NULL, NULL);
INSERT INTO SYS_ROLE_MENU VALUES ('1800799950776745991', '173', '3015', 'admin', TO_DATE('2024-06-12 15:59:00', 'SYYYY-MM-DD HH24:MI:SS'), NULL, NULL);

-- ----------------------------
-- Table structure for SYS_USER
-- ----------------------------
DROP TABLE SYS_USER;
CREATE TABLE SYS_USER (
  ID NVARCHAR2(64) VISIBLE NOT NULL,
  DEPT_ID NVARCHAR2(64) VISIBLE,
  USERNAME NVARCHAR2(30) VISIBLE NOT NULL,
  PASSWORD NVARCHAR2(255) VISIBLE,
  NICK_NAME NVARCHAR2(30) VISIBLE,
  AVATAR NVARCHAR2(255) VISIBLE,
  HOME_PATH NVARCHAR2(255) VISIBLE,
  PHONE NCHAR(11) VISIBLE,
  EMAIL NVARCHAR2(35) VISIBLE,
  GENDER NCHAR(1) VISIBLE,
  STATUS NCHAR(1) VISIBLE,
  REMARK NVARCHAR2(120) VISIBLE,
  SORT NUMBER(11,0) VISIBLE,
  CREATE_BY NVARCHAR2(30) VISIBLE,
  CREATE_TIME DATE VISIBLE,
  UPDATE_BY NVARCHAR2(30) VISIBLE,
  UPDATE_TIME DATE VISIBLE
)
LOGGING
NOCOMPRESS
PCTFREE 10
INITRANS 1
STORAGE (
  INITIAL 65536 
  NEXT 1048576 
  MINEXTENTS 1
  MAXEXTENTS 2147483645
  BUFFER_POOL DEFAULT
)
PARALLEL 1
NOCACHE
DISABLE ROW MOVEMENT
;
COMMENT ON COLUMN SYS_USER.ID IS '主键';
COMMENT ON COLUMN SYS_USER.DEPT_ID IS '部门ID';
COMMENT ON COLUMN SYS_USER.USERNAME IS '用户名';
COMMENT ON COLUMN SYS_USER.PASSWORD IS '密码';
COMMENT ON COLUMN SYS_USER.NICK_NAME IS '昵称';
COMMENT ON COLUMN SYS_USER.AVATAR IS '头像地址';
COMMENT ON COLUMN SYS_USER.HOME_PATH IS '首页路由地址';
COMMENT ON COLUMN SYS_USER.PHONE IS '电话（手机号）';
COMMENT ON COLUMN SYS_USER.EMAIL IS '邮箱';
COMMENT ON COLUMN SYS_USER.GENDER IS '性别（1男 0女）';
COMMENT ON COLUMN SYS_USER.STATUS IS '账号状态（1正常 0锁定）';
COMMENT ON COLUMN SYS_USER.REMARK IS '备注';
COMMENT ON COLUMN SYS_USER.SORT IS '排序';
COMMENT ON COLUMN SYS_USER.CREATE_BY IS '创建者';
COMMENT ON COLUMN SYS_USER.CREATE_TIME IS '创建时间';
COMMENT ON COLUMN SYS_USER.UPDATE_BY IS '修改者';
COMMENT ON COLUMN SYS_USER.UPDATE_TIME IS '修改时间';
COMMENT ON TABLE SYS_USER IS '系统用户';

-- ----------------------------
-- Records of SYS_USER
-- ----------------------------
INSERT INTO SYS_USER VALUES ('1800800815747088386', '271', 'test', '$2a$10$JHmlawIcdPZXYxUYgB9tEOZ/1stP70d/sGs3bdHXEZm4mohZnJRly', '测试用户', NULL, NULL, '18566666666', NULL, '1', '1', NULL, '1', 'admin', TO_DATE('2024-06-12 16:02:26', 'SYYYY-MM-DD HH24:MI:SS'), NULL, NULL);
INSERT INTO SYS_USER VALUES ('57', NULL, 'admin', '$2a$10$Jc9ytizwSRL/nVR6.NGDfOpTgAl0Kwh8BhPhM7/1BmbKLtnsjgOFa', '系统管理员', 'public/2024/05/24/hbg0276.jpg', NULL, '18800000000', '32132@qq.com', '1', '1', NULL, '0', NULL, TO_DATE('2024-05-24 09:15:38', 'SYYYY-MM-DD HH24:MI:SS'), 'admin', TO_DATE('2024-05-28 18:48:12', 'SYYYY-MM-DD HH24:MI:SS'));

-- ----------------------------
-- Table structure for SYS_USER_ROLE
-- ----------------------------
DROP TABLE SYS_USER_ROLE;
CREATE TABLE SYS_USER_ROLE (
  ID NVARCHAR2(64) VISIBLE NOT NULL,
  USER_ID NVARCHAR2(64) VISIBLE NOT NULL,
  ROLE_ID NVARCHAR2(64) VISIBLE NOT NULL,
  CREATE_BY NVARCHAR2(30) VISIBLE,
  CREATE_TIME DATE VISIBLE,
  UPDATE_BY NVARCHAR2(30) VISIBLE,
  UPDATE_TIME DATE VISIBLE
)
LOGGING
NOCOMPRESS
PCTFREE 10
INITRANS 1
STORAGE (
  INITIAL 65536 
  NEXT 1048576 
  MINEXTENTS 1
  MAXEXTENTS 2147483645
  BUFFER_POOL DEFAULT
)
PARALLEL 1
NOCACHE
DISABLE ROW MOVEMENT
;
COMMENT ON COLUMN SYS_USER_ROLE.ID IS '主键';
COMMENT ON COLUMN SYS_USER_ROLE.USER_ID IS '用户ID';
COMMENT ON COLUMN SYS_USER_ROLE.ROLE_ID IS '角色ID';
COMMENT ON COLUMN SYS_USER_ROLE.CREATE_BY IS '创建者';
COMMENT ON COLUMN SYS_USER_ROLE.CREATE_TIME IS '创建时间';
COMMENT ON COLUMN SYS_USER_ROLE.UPDATE_BY IS '修改者';
COMMENT ON COLUMN SYS_USER_ROLE.UPDATE_TIME IS '修改时间';
COMMENT ON TABLE SYS_USER_ROLE IS '用户和角色关系表';

-- ----------------------------
-- Records of SYS_USER_ROLE
-- ----------------------------
INSERT INTO SYS_USER_ROLE VALUES ('1800800834424324097', '1800800815747088386', '173', 'admin', TO_DATE('2024-06-12 16:02:30', 'SYYYY-MM-DD HH24:MI:SS'), NULL, NULL);

-- ----------------------------
-- Primary Key structure for table SYS_DEPT
-- ----------------------------
ALTER TABLE SYS_DEPT ADD CONSTRAINT SYS_DEPT_PKEY PRIMARY KEY (ID);

-- ----------------------------
-- Checks structure for table SYS_DEPT
-- ----------------------------
ALTER TABLE SYS_DEPT ADD CONSTRAINT SYS_C0029492 CHECK (id IS NOT NULL) NOT DEFERRABLE INITIALLY IMMEDIATE NORELY VALIDATE;
ALTER TABLE SYS_DEPT ADD CONSTRAINT SYS_C0029523 CHECK (ID IS NOT NULL) NOT DEFERRABLE INITIALLY IMMEDIATE NORELY VALIDATE;
ALTER TABLE SYS_DEPT ADD CONSTRAINT SYS_C0029575 CHECK (ID IS NOT NULL) NOT DEFERRABLE INITIALLY IMMEDIATE NORELY VALIDATE;

-- ----------------------------
-- Primary Key structure for table SYS_DICT_DATA
-- ----------------------------
ALTER TABLE SYS_DICT_DATA ADD CONSTRAINT SYS_DICT_DATA_PKEY PRIMARY KEY (ID);

-- ----------------------------
-- Checks structure for table SYS_DICT_DATA
-- ----------------------------
ALTER TABLE SYS_DICT_DATA ADD CONSTRAINT SYS_C0029497 CHECK (id IS NOT NULL) NOT DEFERRABLE INITIALLY IMMEDIATE NORELY VALIDATE;
ALTER TABLE SYS_DICT_DATA ADD CONSTRAINT SYS_C0029524 CHECK (ID IS NOT NULL) NOT DEFERRABLE INITIALLY IMMEDIATE NORELY VALIDATE;
ALTER TABLE SYS_DICT_DATA ADD CONSTRAINT SYS_C0029576 CHECK (ID IS NOT NULL) NOT DEFERRABLE INITIALLY IMMEDIATE NORELY VALIDATE;

-- ----------------------------
-- Primary Key structure for table SYS_DICT_TYPE
-- ----------------------------
ALTER TABLE SYS_DICT_TYPE ADD CONSTRAINT SYS_DICT_TYPE_PKEY PRIMARY KEY (ID);

-- ----------------------------
-- Checks structure for table SYS_DICT_TYPE
-- ----------------------------
ALTER TABLE SYS_DICT_TYPE ADD CONSTRAINT SYS_C0029494 CHECK (id IS NOT NULL) NOT DEFERRABLE INITIALLY IMMEDIATE NORELY VALIDATE;
ALTER TABLE SYS_DICT_TYPE ADD CONSTRAINT SYS_C0029495 CHECK (type_name IS NOT NULL) NOT DEFERRABLE INITIALLY IMMEDIATE NORELY VALIDATE;
ALTER TABLE SYS_DICT_TYPE ADD CONSTRAINT SYS_C0029496 CHECK (type_code IS NOT NULL) NOT DEFERRABLE INITIALLY IMMEDIATE NORELY VALIDATE;
ALTER TABLE SYS_DICT_TYPE ADD CONSTRAINT SYS_C0029525 CHECK (ID IS NOT NULL) NOT DEFERRABLE INITIALLY IMMEDIATE NORELY VALIDATE;
ALTER TABLE SYS_DICT_TYPE ADD CONSTRAINT SYS_C0029526 CHECK (TYPE_NAME IS NOT NULL) NOT DEFERRABLE INITIALLY IMMEDIATE NORELY VALIDATE;
ALTER TABLE SYS_DICT_TYPE ADD CONSTRAINT SYS_C0029527 CHECK (TYPE_CODE IS NOT NULL) NOT DEFERRABLE INITIALLY IMMEDIATE NORELY VALIDATE;
ALTER TABLE SYS_DICT_TYPE ADD CONSTRAINT SYS_C0029577 CHECK (ID IS NOT NULL) NOT DEFERRABLE INITIALLY IMMEDIATE NORELY VALIDATE;
ALTER TABLE SYS_DICT_TYPE ADD CONSTRAINT SYS_C0029578 CHECK (TYPE_NAME IS NOT NULL) NOT DEFERRABLE INITIALLY IMMEDIATE NORELY VALIDATE;
ALTER TABLE SYS_DICT_TYPE ADD CONSTRAINT SYS_C0029579 CHECK (TYPE_CODE IS NOT NULL) NOT DEFERRABLE INITIALLY IMMEDIATE NORELY VALIDATE;

-- ----------------------------
-- Indexes structure for table SYS_DICT_TYPE
-- ----------------------------
CREATE UNIQUE INDEX TYPE_CODE
  ON SYS_DICT_TYPE (TYPE_CODE ASC)
  LOGGING
  VISIBLE
PCTFREE 10
INITRANS 2
STORAGE (
  INITIAL 65536 
  NEXT 1048576 
  MINEXTENTS 1
  MAXEXTENTS 2147483645
  BUFFER_POOL DEFAULT
  FLASH_CACHE DEFAULT
)
   USABLE;

-- ----------------------------
-- Primary Key structure for table SYS_LOG_LOGIN
-- ----------------------------
ALTER TABLE SYS_LOG_LOGIN ADD CONSTRAINT SYS_LOG_LOGIN_PKEY PRIMARY KEY (ID);

-- ----------------------------
-- Checks structure for table SYS_LOG_LOGIN
-- ----------------------------
ALTER TABLE SYS_LOG_LOGIN ADD CONSTRAINT SYS_C0029493 CHECK (id IS NOT NULL) NOT DEFERRABLE INITIALLY IMMEDIATE NORELY VALIDATE;
ALTER TABLE SYS_LOG_LOGIN ADD CONSTRAINT SYS_C0029528 CHECK (ID IS NOT NULL) NOT DEFERRABLE INITIALLY IMMEDIATE NORELY VALIDATE;
ALTER TABLE SYS_LOG_LOGIN ADD CONSTRAINT SYS_C0029580 CHECK (ID IS NOT NULL) NOT DEFERRABLE INITIALLY IMMEDIATE NORELY VALIDATE;

-- ----------------------------
-- Primary Key structure for table SYS_LOG_OPERATE
-- ----------------------------
ALTER TABLE SYS_LOG_OPERATE ADD CONSTRAINT SYS_LOG_OPERATE_PKEY PRIMARY KEY (ID);

-- ----------------------------
-- Checks structure for table SYS_LOG_OPERATE
-- ----------------------------
ALTER TABLE SYS_LOG_OPERATE ADD CONSTRAINT SYS_C0029504 CHECK (id IS NOT NULL) NOT DEFERRABLE INITIALLY IMMEDIATE NORELY VALIDATE;
ALTER TABLE SYS_LOG_OPERATE ADD CONSTRAINT SYS_C0029529 CHECK (ID IS NOT NULL) NOT DEFERRABLE INITIALLY IMMEDIATE NORELY VALIDATE;
ALTER TABLE SYS_LOG_OPERATE ADD CONSTRAINT SYS_C0029581 CHECK (ID IS NOT NULL) NOT DEFERRABLE INITIALLY IMMEDIATE NORELY VALIDATE;

-- ----------------------------
-- Primary Key structure for table SYS_MENU
-- ----------------------------
ALTER TABLE SYS_MENU ADD CONSTRAINT SYS_MENU_PKEY PRIMARY KEY (ID);

-- ----------------------------
-- Checks structure for table SYS_MENU
-- ----------------------------
ALTER TABLE SYS_MENU ADD CONSTRAINT SYS_C0029498 CHECK (id IS NOT NULL) NOT DEFERRABLE INITIALLY IMMEDIATE NORELY VALIDATE;
ALTER TABLE SYS_MENU ADD CONSTRAINT SYS_C0029499 CHECK (title IS NOT NULL) NOT DEFERRABLE INITIALLY IMMEDIATE NORELY VALIDATE;
ALTER TABLE SYS_MENU ADD CONSTRAINT SYS_C0029530 CHECK (ID IS NOT NULL) NOT DEFERRABLE INITIALLY IMMEDIATE NORELY VALIDATE;
ALTER TABLE SYS_MENU ADD CONSTRAINT SYS_C0029531 CHECK (TITLE IS NOT NULL) NOT DEFERRABLE INITIALLY IMMEDIATE NORELY VALIDATE;
ALTER TABLE SYS_MENU ADD CONSTRAINT SYS_C0029582 CHECK (ID IS NOT NULL) NOT DEFERRABLE INITIALLY IMMEDIATE NORELY VALIDATE;
ALTER TABLE SYS_MENU ADD CONSTRAINT SYS_C0029583 CHECK (TITLE IS NOT NULL) NOT DEFERRABLE INITIALLY IMMEDIATE NORELY VALIDATE;

-- ----------------------------
-- Primary Key structure for table SYS_ROLE
-- ----------------------------
ALTER TABLE SYS_ROLE ADD CONSTRAINT SYS_ROLE_PKEY PRIMARY KEY (ID);

-- ----------------------------
-- Checks structure for table SYS_ROLE
-- ----------------------------
ALTER TABLE SYS_ROLE ADD CONSTRAINT SYS_C0029503 CHECK (id IS NOT NULL) NOT DEFERRABLE INITIALLY IMMEDIATE NORELY VALIDATE;
ALTER TABLE SYS_ROLE ADD CONSTRAINT SYS_C0029505 CHECK (role_name IS NOT NULL) NOT DEFERRABLE INITIALLY IMMEDIATE NORELY VALIDATE;
ALTER TABLE SYS_ROLE ADD CONSTRAINT SYS_C0029506 CHECK (role_code IS NOT NULL) NOT DEFERRABLE INITIALLY IMMEDIATE NORELY VALIDATE;
ALTER TABLE SYS_ROLE ADD CONSTRAINT SYS_C0029507 CHECK (status IS NOT NULL) NOT DEFERRABLE INITIALLY IMMEDIATE NORELY VALIDATE;
ALTER TABLE SYS_ROLE ADD CONSTRAINT SYS_C0029532 CHECK (ID IS NOT NULL) NOT DEFERRABLE INITIALLY IMMEDIATE NORELY VALIDATE;
ALTER TABLE SYS_ROLE ADD CONSTRAINT SYS_C0029533 CHECK (ROLE_NAME IS NOT NULL) NOT DEFERRABLE INITIALLY IMMEDIATE NORELY VALIDATE;
ALTER TABLE SYS_ROLE ADD CONSTRAINT SYS_C0029534 CHECK (ROLE_CODE IS NOT NULL) NOT DEFERRABLE INITIALLY IMMEDIATE NORELY VALIDATE;
ALTER TABLE SYS_ROLE ADD CONSTRAINT SYS_C0029535 CHECK (STATUS IS NOT NULL) NOT DEFERRABLE INITIALLY IMMEDIATE NORELY VALIDATE;
ALTER TABLE SYS_ROLE ADD CONSTRAINT SYS_C0029584 CHECK (ID IS NOT NULL) NOT DEFERRABLE INITIALLY IMMEDIATE NORELY VALIDATE;
ALTER TABLE SYS_ROLE ADD CONSTRAINT SYS_C0029585 CHECK (ROLE_NAME IS NOT NULL) NOT DEFERRABLE INITIALLY IMMEDIATE NORELY VALIDATE;
ALTER TABLE SYS_ROLE ADD CONSTRAINT SYS_C0029586 CHECK (ROLE_CODE IS NOT NULL) NOT DEFERRABLE INITIALLY IMMEDIATE NORELY VALIDATE;
ALTER TABLE SYS_ROLE ADD CONSTRAINT SYS_C0029587 CHECK (STATUS IS NOT NULL) NOT DEFERRABLE INITIALLY IMMEDIATE NORELY VALIDATE;

-- ----------------------------
-- Primary Key structure for table SYS_ROLE_MENU
-- ----------------------------
ALTER TABLE SYS_ROLE_MENU ADD CONSTRAINT SYS_ROLE_MENU_PKEY PRIMARY KEY (ID);

-- ----------------------------
-- Checks structure for table SYS_ROLE_MENU
-- ----------------------------
ALTER TABLE SYS_ROLE_MENU ADD CONSTRAINT SYS_C0029500 CHECK (id IS NOT NULL) NOT DEFERRABLE INITIALLY IMMEDIATE NORELY VALIDATE;
ALTER TABLE SYS_ROLE_MENU ADD CONSTRAINT SYS_C0029501 CHECK (role_id IS NOT NULL) NOT DEFERRABLE INITIALLY IMMEDIATE NORELY VALIDATE;
ALTER TABLE SYS_ROLE_MENU ADD CONSTRAINT SYS_C0029502 CHECK (menu_id IS NOT NULL) NOT DEFERRABLE INITIALLY IMMEDIATE NORELY VALIDATE;
ALTER TABLE SYS_ROLE_MENU ADD CONSTRAINT SYS_C0029536 CHECK (ID IS NOT NULL) NOT DEFERRABLE INITIALLY IMMEDIATE NORELY VALIDATE;
ALTER TABLE SYS_ROLE_MENU ADD CONSTRAINT SYS_C0029537 CHECK (ROLE_ID IS NOT NULL) NOT DEFERRABLE INITIALLY IMMEDIATE NORELY VALIDATE;
ALTER TABLE SYS_ROLE_MENU ADD CONSTRAINT SYS_C0029538 CHECK (MENU_ID IS NOT NULL) NOT DEFERRABLE INITIALLY IMMEDIATE NORELY VALIDATE;
ALTER TABLE SYS_ROLE_MENU ADD CONSTRAINT SYS_C0029588 CHECK (ID IS NOT NULL) NOT DEFERRABLE INITIALLY IMMEDIATE NORELY VALIDATE;
ALTER TABLE SYS_ROLE_MENU ADD CONSTRAINT SYS_C0029589 CHECK (ROLE_ID IS NOT NULL) NOT DEFERRABLE INITIALLY IMMEDIATE NORELY VALIDATE;
ALTER TABLE SYS_ROLE_MENU ADD CONSTRAINT SYS_C0029590 CHECK (MENU_ID IS NOT NULL) NOT DEFERRABLE INITIALLY IMMEDIATE NORELY VALIDATE;

-- ----------------------------
-- Primary Key structure for table SYS_USER
-- ----------------------------
ALTER TABLE SYS_USER ADD CONSTRAINT SYS_USER_PKEY PRIMARY KEY (ID);

-- ----------------------------
-- Checks structure for table SYS_USER
-- ----------------------------
ALTER TABLE SYS_USER ADD CONSTRAINT SYS_C0029511 CHECK (id IS NOT NULL) NOT DEFERRABLE INITIALLY IMMEDIATE NORELY VALIDATE;
ALTER TABLE SYS_USER ADD CONSTRAINT SYS_C0029512 CHECK (username IS NOT NULL) NOT DEFERRABLE INITIALLY IMMEDIATE NORELY VALIDATE;
ALTER TABLE SYS_USER ADD CONSTRAINT SYS_C0029539 CHECK (ID IS NOT NULL) NOT DEFERRABLE INITIALLY IMMEDIATE NORELY VALIDATE;
ALTER TABLE SYS_USER ADD CONSTRAINT SYS_C0029540 CHECK (USERNAME IS NOT NULL) NOT DEFERRABLE INITIALLY IMMEDIATE NORELY VALIDATE;
ALTER TABLE SYS_USER ADD CONSTRAINT SYS_C0029591 CHECK (ID IS NOT NULL) NOT DEFERRABLE INITIALLY IMMEDIATE NORELY VALIDATE;
ALTER TABLE SYS_USER ADD CONSTRAINT SYS_C0029592 CHECK (USERNAME IS NOT NULL) NOT DEFERRABLE INITIALLY IMMEDIATE NORELY VALIDATE;

-- ----------------------------
-- Primary Key structure for table SYS_USER_ROLE
-- ----------------------------
ALTER TABLE SYS_USER_ROLE ADD CONSTRAINT SYS_USER_ROLE_PKEY PRIMARY KEY (ID);

-- ----------------------------
-- Checks structure for table SYS_USER_ROLE
-- ----------------------------
ALTER TABLE SYS_USER_ROLE ADD CONSTRAINT SYS_C0029508 CHECK (id IS NOT NULL) NOT DEFERRABLE INITIALLY IMMEDIATE NORELY VALIDATE;
ALTER TABLE SYS_USER_ROLE ADD CONSTRAINT SYS_C0029509 CHECK (user_id IS NOT NULL) NOT DEFERRABLE INITIALLY IMMEDIATE NORELY VALIDATE;
ALTER TABLE SYS_USER_ROLE ADD CONSTRAINT SYS_C0029510 CHECK (role_id IS NOT NULL) NOT DEFERRABLE INITIALLY IMMEDIATE NORELY VALIDATE;
ALTER TABLE SYS_USER_ROLE ADD CONSTRAINT SYS_C0029541 CHECK (ID IS NOT NULL) NOT DEFERRABLE INITIALLY IMMEDIATE NORELY VALIDATE;
ALTER TABLE SYS_USER_ROLE ADD CONSTRAINT SYS_C0029542 CHECK (USER_ID IS NOT NULL) NOT DEFERRABLE INITIALLY IMMEDIATE NORELY VALIDATE;
ALTER TABLE SYS_USER_ROLE ADD CONSTRAINT SYS_C0029543 CHECK (ROLE_ID IS NOT NULL) NOT DEFERRABLE INITIALLY IMMEDIATE NORELY VALIDATE;
ALTER TABLE SYS_USER_ROLE ADD CONSTRAINT SYS_C0029593 CHECK (ID IS NOT NULL) NOT DEFERRABLE INITIALLY IMMEDIATE NORELY VALIDATE;
ALTER TABLE SYS_USER_ROLE ADD CONSTRAINT SYS_C0029594 CHECK (USER_ID IS NOT NULL) NOT DEFERRABLE INITIALLY IMMEDIATE NORELY VALIDATE;
ALTER TABLE SYS_USER_ROLE ADD CONSTRAINT SYS_C0029595 CHECK (ROLE_ID IS NOT NULL) NOT DEFERRABLE INITIALLY IMMEDIATE NORELY VALIDATE;
